insert into customer values ('20230001','1 street 1 home', '01000000000');
insert into customer values ('20230002','1 street 2 home', '01000000001');
insert into customer values ('20230003','1 street 3 home', '01000000002');
insert into customer values ('20230004','1 street 4 home', '01000000003');
insert into customer values ('20230005','1 street 5 home', '01000000004');
insert into customer values ('20230006','2 street 1 home', '01000000005');
insert into customer values ('20230007','2 street 2 home', '01000000006');
insert into customer values ('20230008','2 street 3 home', '01000000007');
insert into customer values ('20230009','2 street 4 home', '01000000008');
insert into customer values ('20230010','2 street 5 home', '01000000009');

insert into monthly_contract values ('20230001', '2023-01-01', '2023-06-01','3333059382651');
insert into monthly_contract values ('20230002', '2023-02-01', '2023-06-01','3333059382652');
insert into monthly_contract values ('20230003', '2023-03-01', '2023-06-01','3333059382653');
insert into monthly_contract values ('20230004', '2023-04-01', '2023-06-01','3333059382654');
insert into monthly_contract values ('20230005', '2023-05-01', '2023-06-01','3333059382655');

insert into past_deal values ('20230001', '2023', 20000, 34);
insert into past_deal values ('20230001', '2022', 30000, 35);
insert into past_deal values ('20230002', '2023', 40000, 36);
insert into past_deal values ('20230002', '2022', 50000, 37);
insert into past_deal values ('20230003', '2023', 60000, 38);
insert into past_deal values ('20230003', '2022', 70000, 39);
insert into past_deal values ('20230004', '2023', 80000, 30);
insert into past_deal values ('20230004', '2022', 90000, 31);
insert into past_deal values ('20230005', '2023', 10000, 32);
insert into past_deal values ('20230005', '2022', 20000, 33);
insert into past_deal values ('20230006', '2023', 30000, 34);
insert into past_deal values ('20230006', '2022', 40000, 35);
insert into past_deal values ('20230007', '2023', 50000, 36);
insert into past_deal values ('20230007', '2022', 60000, 37);
insert into past_deal values ('20230008', '2023', 70000, 38);
insert into past_deal values ('20230008', '2022', 90000, 39);
insert into past_deal values ('20230009', '2023', 20000, 32);
insert into past_deal values ('20230009', '2022', 60000, 33);
insert into past_deal values ('20230010', '2023', 30000, 35);
insert into past_deal values ('20230010', '2022', 60000, 31);

insert into service values ('type_1','big',300,'2-3',5000);
insert into service values ('type_2','big',200,'1-2',4000);
insert into service values ('type_3','mid',200,'1-2',3000);
insert into service values ('type_4','mid',100,'0-1',2000);
insert into service values ('type_5','small',50,'0-1',1000);

insert into package values ('00000001','complete','3 street 10 home','2023-06-07','2023-06-07','20230001','type_5');
insert into package values ('00000002','complete','3 street 11 home','2023-06-07','2023-06-07','20230002','type_4');
insert into package values ('00000003','complete','3 street 12 home','2023-06-07','2023-06-08', '20230003','type_3');
insert into package values ('00000004','complete','3 street 13 home','2023-06-07','2023-06-08','20230004','type_2');
insert into package values ('00000005','complete','3 street 14 home','2023-06-07','2023-06-09','20230005','type_1');
insert into package values ('00000006','complete','3 street 15 home','2023-06-07','2023-06-09','20230006','type_1');
insert into package values ('00000007','delivery','3 street 16 home','2023-06-07',null,'20230007','type_1');
insert into package values ('00000008','delivery','3 street 17 home','2023-06-07',null,'20230008','type_2');
insert into package values ('00000009','delivery','3 street 18 home','2023-06-07',null,'20230009','type_3');
insert into package values ('00000010','delivery','3 street 19 home','2023-06-07',null,'20230010','type_4');
insert into package values ('00000011','delivery','4 street 10 home','2023-06-07',null,'20230001','type_1');
insert into package values ('00000012','delivery','4 street 11 home','2023-06-07',null,'20230002','type_1');
insert into package values ('00000013','delivery','4 street 12 home','2023-06-07',null,'20230001','type_2');
insert into package values ('00000014','waiting','4 street 13 home','2023-06-07',null,'20230002','type_3');
insert into package values ('00000015','waiting','4 street 14 home','2023-06-07',null,'20230004','type_4');
insert into package values ('00000016','waiting','4 street 15 home','2023-06-07',null,'20230005','type_4');
insert into package values ('00000017','waiting','4 street 16 home','2023-06-07',null,'20230006','type_4');

insert into take_back values (0,false,false);
insert into take_back values (1, true, false);
insert into take_back values (2, true, true);

insert into refund values ('00000001', 0);
insert into refund values ('00000003', 0);
insert into refund values ('00000004', 1);
insert into refund values ('00000005', 1);

insert into product values ('11111111');
insert into product values ('11111112');
insert into product values ('11111113');
insert into product values ('11111114');
insert into product values ('11111115');
insert into product values ('11111116');
insert into product values ('11111117');
insert into product values ('11111118');
insert into product values ('11111119');
insert into product values ('11111120');
insert into product values ('11111121');
insert into product values ('11111122');

insert into packing values ('00000001', '11111111', true);
insert into packing values ('00000001', '11111112', true);
insert into packing values ('00000002', '11111113', true);
insert into packing values ('00000002', '11111114', true);
insert into packing values ('00000003', '11111115', true);
insert into packing values ('00000004', '11111111', true);
insert into packing values ('00000005', '11111112', true);
insert into packing values ('00000006', '11111113', true);
insert into packing values ('00000007', '11111114', true);
insert into packing values ('00000008', '11111115', true);
insert into packing values ('00000009', '11111111', true);
insert into packing values ('00000010', '11111112', true);
insert into packing values ('00000011', '11111113', true);
insert into packing values ('00000012', '11111114', true);
insert into packing values ('00000013', '11111115', true);
insert into packing values ('00000014', '11111111', true);
insert into packing values ('00000015', '11111112', true);
insert into packing values ('00000016', '11111113', true);
insert into packing values ('00000017', '11111114', true);
insert into packing values ('00000001', '11111116', true);
insert into packing values ('00000002', '11111116', true);
insert into packing values ('00000003', '11111117', true);
insert into packing values ('00000004', '11111117', true);
insert into packing values ('00000005', '11111118', true);
insert into packing values ('00000006', '11111118', true);
insert into packing values ('00000007', '11111119', true);
insert into packing values ('00000008', '11111119', true);
insert into packing values ('00000009', '11111120', true);
insert into packing values ('00000010', '11111120', false);
insert into packing values ('00000011', '11111120', false);
insert into packing values ('00000012', '11111121', true);
insert into packing values ('00000013', '11111121', true);
insert into packing values ('00000014', '11111121', false);
insert into packing values ('00000015', '11111122', true);
insert into packing values ('00000016', '11111122', false);

insert into content values ('11111111','normal','normal');
insert into content values ('11111112','normal','normal');
insert into content values ('11111113','normal','normal');
insert into content values ('11111114','normal','normal');
insert into content values ('11111115','normal','normal');
insert into content values ('11111116','normal','normal');
insert into content values ('11111117','normal','normal');
insert into content values ('11111118','normal','normal');
insert into content values ('11111119','normal','normal');
insert into content values ('11111120','explore','fire');
insert into content values ('11111121','explore','bomb');
insert into content values ('11111122','tax','iphone');

insert into shipment values ('truck', '22222222','waiting');
insert into shipment values ('truck', '22222223','running');
insert into shipment values ('truck', '22222224','crashing');
insert into shipment values ('ship', '22222222','waiting');
insert into shipment values ('ship', '22222223','running');

insert into loading values ('00000007', '22222223', 'truck', true, 1);
insert into loading values ('00000008', '22222223', 'truck', true, 2);
insert into loading values ('00000009', '22222223', 'truck', false, 3);
insert into loading values ('00000010', '22222224', 'truck', true, 1);
insert into loading values ('00000011', '22222224', 'truck', true, 2);
insert into loading values ('00000012', '22222224', 'truck', false, 3);
insert into loading values ('00000013', '22222224', 'truck', false, 4);

